Model,MAE,RMSE
ARIMA,1133.0817112257157,1357.9321706923852
LSTM,991.5809385703325,1196.2966563224156
